{"Bulbasaur": 0.0028104113211631795, "Geodude": 0.005114854893024846, "Farfetch'd": 0.0026495987899795323, "Yanma": 0.004294571147004606, "Ivysaur": 0.005317199279031563, "Pikachu": 0.006172442270961291, "Venusaur": 0.011321357531833323, "Gligar": 0.01363936529110787, "Charmander": 0.009461552858933985, "Remoraid": 0.006275297268251379, "Charmeleon": 0.015062374187458342, "Vileplume": 0.0114902384404268, "Magby": 0.012012739329790018, "Charizard": 0.050060755657578206, "Squirtle": 0.006685138248132339, "Wartortle": 0.016416080524356075, "Hitmontop": 0.013113900074237607, "Blastoise": 0.043468506167715665, "Metapod": 0.00017190862290357876, "Weedle": 0.00038075515796686337, "Kakuna": 0.0003585210775684286, "Chansey": 0.005338955086817807, "Magikarp": 0.0001607915827043614, "Ditto": 0.00025965633013639504, "Smeargle": 0.00033628699716999397, "Butterfree": 0.003547056227630411, "Nidoran\u2642": 0.003715419955930508, "Zubat": 0.003296538271443017, "Chikorita": 0.003118665628255539, "Beedrill": 0.010035359775184409, "Diglett": 0.004874605975533888, "Graveler": 0.0076904333965595525, "Pidgey": 0.00219450857701336, "Cyndaquil": 0.0034197602276491144, "Pidgeotto": 0.005446991125556459, "Flaaffy": 0.005749528439657173, "Pidgeot": 0.014632039745737862, "Rattata": 0.011990754183230826, "Raticate": 0.04581426449518839, "Spearow": 0.003498567888895249, "Fearow": 0.014715629885960932, "Rapidash": 0.01403595222698866, "Ekans": 0.006055932489969815, "Arbok": 0.019755612407261595, "Magmar": 0.02499264728148662, "Raichu": 0.014266786356523316, "Dunsparce": 0.021152709023315275, "Sandshrew": 0.006045090498596098, "Sandslash": 0.011439649828342285, "Nidoran\u2640": 0.002819715105716878, "Meowth": 0.005721262597712609, "Sunflora": 0.003393815842042499, "Nidorina": 0.013089628565927677, "Nidoqueen": 0.05277217952971103, "Nidorino": 0.012972596708818444, "Nidoking": 0.05893256833991139, "Clefairy": 0.012199952487982795, "Venomoth": 0.00994599006721443, "Clefable": 0.036456706007210286, "Granbull": 0.034940803186083044, "Sneasel": 0.044218847213477665, "Vulpix": 0.0028512249491357646, "Togepi": 0.0015171801252296816, "Ninetales": 0.01706467301736735, "Jigglypuff": 0.008517713346220868, "Noctowl": 0.005636791809311735, "Spinarak": 0.004159414077176749, "Swinub": 0.00391602780715489, "Wigglytuff": 0.024154081621061408, "Golbat": 0.013720703622802213, "Oddish": 0.004107648819609645, "Grimer": 0.007754457515903854, "Electrode": 0.0056445971067743995, "Gloom": 0.006727194356302753, "Quilava": 0.006639027138119022, "Totodile": 0.008459844502068823, "Chinchou": 0.006103031979834744, "Forretress": 0.006710553755249836, "Paras": 0.002508808521077173, "Sentret": 0.003447813866206035, "Parasect": 0.009156165210006202, "Venonat": 0.005241230254416759, "Bayleef": 0.004859685044560602, "Dugtrio": 0.019978861339591796, "Persian": 0.020609544365683474, "Psyduck": 0.009753117594960893, "Golduck": 0.036482830761577316, "Mankey": 0.015827030835523923, "Primeape": 0.041949575361595735, "Growlithe": 0.007201220782356132, "Poliwag": 0.007626884560550065, "Arcanine": 0.03638233368039418, "Poliwhirl": 0.02466618396775849, "Typhlosion": 0.025706221533565776, "Poliwrath": 0.03845787417237186, "Abra": 0.0037416532657879495, "Cleffa": 0.001785054190725694, "Igglybuff": 0.0016587813945006212, "Kadabra": 0.011943850032050838, "Alakazam": 0.025210050269989476, "Machop": 0.012528089491055402, "Staryu": 0.010222107712373718, "Machoke": 0.025963563751100777, "Machamp": 0.05252379667077759, "Bellsprout": 0.0027739745366419425, "Seel": 0.0038698070589207705, "Gastly": 0.005147147985961663, "Omanyte": 0.004850134232714649, "Ledian": 0.005457586089637922, "Weepinbell": 0.005307855774748881, "Tentacool": 0.005196265861805793, "Horsea": 0.0033913199954988993, "Victreebel": 0.010990467863276116, "Tentacruel": 0.029419153257371836, "Golem": 0.014482533603114795, "Kabuto": 0.01323896330762247, "Ampharos": 0.013403341681888887, "Ponyta": 0.007263324997111492, "Slowpoke": 0.012480586542894473, "Slowbro": 0.03851092762018935, "Magnemite": 0.0021713748065048284, "Magneton": 0.006394252019226931, "Doduo": 0.007855991405585938, "Dodrio": 0.020865013200729882, "Dewgong": 0.014974046725176882, "Muk": 0.033442451271584156, "Shellder": 0.004430777264892345, "Haunter": 0.009239351621250677, "Onix": 0.004441125201681555, "Natu": 0.006136858383767207, "Larvitar": 0.0061448290918345696, "Cloyster": 0.015238359843414498, "Gengar": 0.0365115512208288, "Drowzee": 0.012758978851608765, "Hypno": 0.03800466060185426, "Krabby": 0.009593056207985352, "Mr. Mime": 0.020836089529460505, "Steelix": 0.014111538741786745, "Kingler": 0.025016206270818228, "Voltorb": 0.0021773388267887273, "Exeggcute": 0.005419191587345753, "Houndour": 0.005662158346416699, "Exeggutor": 0.028159245160502746, "Cubone": 0.0121940423335358, "Rhyhorn": 0.011384106524304771, "Dratini": 0.011061642440035649, "Marowak": 0.03103837928607002, "Hitmonlee": 0.01279865065800337, "Teddiursa": 0.01302574591943141, "Hitmonchan": 0.03047913854182682, "Lickitung": 0.022104968412444314, "Koffing": 0.006410861880151816, "Weezing": 0.018216146513026162, "Rhydon": 0.03348809498336442, "Tangela": 0.005390017075690141, "Kangaskhan": 0.07156625325418055, "Seadra": 0.011109979514274032, "Goldeen": 0.0071217795002244495, "Seaking": 0.016342938979542063, "Starmie": 0.04758953717011339, "Scyther": 0.011439980649551684, "Pupitar": 0.00931501784618933, "Jynx": 0.017940535985828912, "Ariados": 0.009955214953675358, "Electabuzz": 0.03877340871153174, "Pinsir": 0.01299129786349173, "Tauros": 0.07347512792741068, "Gyarados": 0.057689241811751356, "Lapras": 0.041053498063896736, "Eevee": 0.0028210620576285387, "Ledyba": 0.0010224787740771713, "Marill": 0.0014870172337224554, "Slugma": 0.0010399583970319157, "Blissey": 0.002755548430794157, "Vaporeon": 0.02141374331617396, "Jolteon": 0.022694580167805803, "Flareon": 0.017521275592849883, "Porygon": 0.008465246726505985, "Omastar": 0.016961330767864116, "Kabutops": 0.04220138068421691, "Aerodactyl": 0.06127427875036398, "Snorlax": 0.08277588757954472, "Articuno": 0.02981207858737438, "Zapdos": 0.02869028073100965, "Moltres": 0.02325104022503116, "Dragonair": 0.02580182867478076, "Slowking": 0.03231620447604667, "Dragonite": 0.08087559872293158, "Mewtwo": 0.13732313900830626, "Mew": 0.18095374860428193, "Meganium": 0.019018540375424293, "Croconaw": 0.018536688244794156, "Feraligatr": 0.04643831831616599, "Furret": 0.035428822290101164, "Hoothoot": 0.0014621170003513498, "Mareep": 0.003398090120327007, "Wooper": 0.003464792361522311, "Pineco": 0.0017686396684857455, "Shuckle": 0.0020529282562217065, "Crobat": 0.01606300574541297, "Lanturn": 0.015755330098870052, "Pichu": 0.0008942273116018814, "Togetic": 0.004495913277734386, "Xatu": 0.016776356366591347, "Octillery": 0.019365368200156247, "Bellossom": 0.0070704734733372425, "Azumarill": 0.008429611962752376, "Sudowoodo": 0.015335119421672807, "Politoed": 0.026904983326085683, "Quagsire": 0.02138058345048467, "Donphan": 0.024001128523859928, "Hoppip": 0.0008117770864097964, "Skiploom": 0.001796150282445625, "Smoochum": 0.0023654965613275555, "Jumpluff": 0.003299602986887315, "Aipom": 0.013575666826465995, "Sunkern": 0.0007837443963321615, "Wobbuffet": 0.0006948080747384225, "Tyrogue": 0.0009282659189219872, "Espeon": 0.01775425026859688, "Umbreon": 0.0153526267954782, "Murkrow": 0.011863931560037351, "Misdreavus": 0.013117248818108359, "Unown": 0.00013803542618817183, "Girafarig": 0.03219464505235451, "Snubbull": 0.010377955489273024, "Magcargo": 0.003558385471217271, "Phanpy": 0.006429798093239024, "Qwilfish": 0.020796997466345734, "Scizor": 0.017215954873136537, "Heracross": 0.016243046132529432, "Ursaring": 0.048513655584356975, "Piloswine": 0.0169350016952112, "Corsola": 0.009596504798428161, "Delibird": 0.0030685014229463094, "Mantine": 0.008111182202529469, "Skarmory": 0.010024916346282319, "Houndoom": 0.016647189161351043, "Kingdra": 0.03663206511533485, "Porygon2": 0.023322052380463375,