{"Double-Edge": 15.23621565326382, "Petal Dance": 2.365219118567297, "Mud-Slap": 0.019801980198019802, "Flamethrower": 24.13630387318074, "Outrage": 0.8416876306182531, "Seismic Toss": 3.0556259961126693, "AncientPower": 5.1385036963538635, "Earthquake": 33.162147708816626, "Wing Attack": 4.800424013407758, "Surf": 31.17324996244209, "Ice Beam": 22.501238964273327, "Harden": 0.012032128514056224, "Gust": 0.20497702721052127, "Psychic": 21.52842194039029, "Poison Sting": 0.02406425702811245, "Sludge Bomb": 4.199072535422437, "Mega Drain": 0.02565270188221008, "Thunderbolt": 41.10570740966306, "Flame Wheel": 0.03692801712603693, "BubbleBeam": 0.5637643964694494, "Dig": 2.1300311653161255, "Shadow Ball": 7.02036039337369, "Drill Peck": 6.231212234441055, "Giga Drain": 0.38878347461427837, "CrunchCrystal Only": 0.017523809523809525, "Bite": 0.11713643659711076, "Confusion": 0.0211864406779661, "Psybeam": 0.10031530951368008, "Fire Punch": 1.3493826136201976, "Karate Chop": 0.25482388396248357, "Ice Punch": 1.8599399367174552, "Crunch": 2.909534439376292, "ThunderPunch": 2.0635867385421682, "Vital Throw": 3.344735572830205, "Night Shade": 0.079472397808681, "Solarbeam": 1.419239752389685, "Mach Punch": 0.6481212926389028, "Thief": 0.015904761904761904, "Splash": 0.012032128514056224, "Transform": 0.012032128514056224, "Body Slam": 0.2587271230909988, "Faint Attack": 0.37912533603039084, "Dizzy Punch": 0.01606425702811245, "Snore": 0.008529133629155451, "Acid": 0.005714285714285714, "Strength": 0.8764058706318772, "Hidden Power": 0.004, "Counter": 0.008032128514056224, "Destiny Bond": 0.004, "Headbutt": 0.16995457913009215, "Pursuit": 0.017523809523809525, "Thrash": 0.46129929755418414, "DragonBreath": 0.267110095053949, "Water GunCrystal Only": 0.023343766301512785, "Double-edge": 0.005714285714285714, "Tri Attack": 0.35602998175214395, "Sketch": 0.012032128514056224}