{"Petal Dance": 0.2982136429517638, "Double-Edge": 7.779000795874051, "Flamethrower": 21.625814801218564, "Outrage": 0.6322204590719501, "Seismic Toss": 2.0559530836456408, "AncientPower": 5.586897788446914, "Earthquake": 31.094069043536347, "Wing Attack": 4.343131277726854, "Surf": 25.89478709129392, "Ice Beam": 22.745977804643648, "Harden": 0.004016064257028112, "Psychic": 24.54171181728492, "Poison Sting": 0.024428049692681048, "Sludge Bomb": 2.2362594609108064, "Mega Drain": 0.06347826086956522, "Flame Wheel": 0.08515989554347361, "BubbleBeam": 0.9715993683735621, "Thunderbolt": 33.713716471750885, "Dig": 0.7004662546567582, "Drill Peck": 7.755148893428264, "CrunchCrystal Only": 0.008298755186721992, "Bite": 0.08081406836593558, "Shadow Ball": 6.145558338636629, "Confusion": 0.018518518518518517, "Giga Drain": 0.4651206728010334, "Psybeam": 0.04972584912101041, "Fire Punch": 0.9866937570116204, "Karate Chop": 0.20997662651118582, "Ice Punch": 0.977107596962062, "Crunch": 2.0923125278431014, "ThunderPunch": 0.5117486016631895, "Vital Throw": 0.72062251318751, "Night Shade": 0.04545753923347284, "Solarbeam": 0.3156373248807201, "Mach Punch": 0.2446244395356634, "Splash": 0.004016064257028112, "Transform": 0.008064647252979529, "Body Slam": 0.07734224538348249, "Faint Attack": 0.16101425590512708, "Dizzy Punch": 0.016129294505959058, "Strength": 0.3651538851334795, "Hidden Power": 0.004149377593360996, "Counter": 0.008064647252979529, "Destiny Bond": 0.004149377593360996, "Pursuit": 0.0321082789962458, "Thrash": 0.1102080880528377, "DragonBreath": 0.005025125628140704, "Water GunCrystal Only": 0.038461538461538464, "Tri Attack": 0.051747288517535225, "Headbutt": 0.018373925603494993, "Sketch": 0.012214024846340526, "Thief": 0.004149377593360996, "Gust": 0.03536110278693437, "Mud-Slap": 0.02}