{"Petal Dance": 3.389866559215024, "Double-Edge": 29.665253015035827, "Mud-Slap": 0.15274621212121212, "Flamethrower": 20.6912297664802, "AncientPower": 4.248634069856661, "Seismic Toss": 7.927118412332586, "Outrage": 0.824662352066339, "Dig": 2.6780650396566474, "Earthquake": 29.788411018623115, "Wing Attack": 4.9470250261862265, "Bite": 0.4640820956390995, "Surf": 28.159716669633735, "Ice Beam": 23.25668318153167, "Harden": 0.008016064257028112, "Psychic": 17.45062886458465, "Gust": 0.22172280542302397, "Giga Drain": 1.787692046658546, "Poison Sting": 0.06531735053114768, "Sludge Bomb": 8.357996351196237, "Mega Drain": 0.13987984279586452, "Pursuit": 0.11684453380494696, "Faint Attack": 1.084280282518579, "Thunderbolt": 33.0491595892618, "Flame Wheel": 0.0671537451353893, "BubbleBeam": 0.7215005850597894, "Shadow Ball": 5.023283856157386, "Drill Peck": 4.527788213315497, "CrunchCrystal Only": 0.04745266450381872, "Confusion": 0.09083730258557302, "Psybeam": 0.2542479414441402, "Ice Punch": 3.787657346694998, "Fire Punch": 1.9062554636732847, "Karate Chop": 0.6363203926156529, "Crunch": 2.8372898050366717, "ThunderPunch": 3.1954456648511202, "Vital Throw": 1.4947521434458084, "Night Shade": 0.26338633726398286, "Headbutt": 0.7530023807790133, "Solarbeam": 1.093136176898852, "Mach Punch": 0.8489062859281818, "Thief": 0.08155710119309577, "Splash": 0.004, "DragonBreath": 0.41078672660230076, "Transform": 0.016113362971950745, "Body Slam": 0.5122291878749523, "Thrash": 0.8199128079253849, "Swift": 0.02987968555267951, "Dizzy Punch": 0.029622739829945705, "Acid": 0.053578448632291414, "Snore": 0.008264603930809557, "Strength": 2.4359183186109687, "Hidden Power": 0.016146682977281945, "Mirror Coat": 0.0161635486589928, "Counter": 0.00814667330346773, "Rock Smash": 0.03152412280701754, "Water GunCrystal Only": 0.02361111111111111, "Double-edge": 0.04735853333240565, "Tri Attack": 0.41156048626385305, "Sketch": 0.02017840362235725}